{"nbformat":4,"nbformat_minor":0,"metadata":{"kernelspec":{"display_name":"Python 3","language":"python","name":"python3"},"language_info":{"codemirror_mode":{"name":"ipython","version":3},"file_extension":".py","mimetype":"text/x-python","name":"python","nbconvert_exporter":"python","pygments_lexer":"ipython3","version":"3.7.4"},"colab":{"name":"HV_Chapter5_Exercise2_Stock_Trading.ipynb","provenance":[]}},"cells":[{"cell_type":"markdown","metadata":{"id":"QGabiBMnPpHi"},"source":["# Chapter 5 - Exercise 2: Giao dịch chứng khoán"]},{"cell_type":"markdown","metadata":{"id":"Nta4rcHyPpH3"},"source":["##### Cho 3 file .csv sau:\n","* **stocks1.csv :** *date*, *symbol*, *open*, *high*, *low*, *close*, *volume* : chứa thông tin giao dịch chứng khoán các công ty khác nhau\n","* **stocks2.csv :** *date*, *symbol*, *open*, *high*, *low*, *close*, *volume* : chứa thông tin giao dịch chứng khoán các công ty khác nhau\n","* **companies.csv :** *name*, *employees*, *headquarters_city*, *headquarters_state* : chứa thông tin về trụ sở và số lượng nhân viên cho một công ty cụ thể"]},{"cell_type":"markdown","metadata":{"id":"JrA6ZXWDPpH5"},"source":["#### Thực hiện các yêu cầu sau, và đối chiếu với kết quả cho trước:"]},{"cell_type":"code","metadata":{"id":"54oYR_IDPpH6"},"source":["import pandas as pd\n","import numpy as np"],"execution_count":null,"outputs":[]},{"cell_type":"code","metadata":{"id":"xduqOUWLPpH7"},"source":["# Câu 1a: Đọc file stocks1.csv => đưa dữ liệu vào stocks1\n","\n","# Hiển thị 5 dòng dữ liệu đầu của stocks1\n"],"execution_count":null,"outputs":[]},{"cell_type":"markdown","metadata":{"id":"YomxaN_iPpH9"},"source":["<details>\n","  <summary>Nhấn vào đây để xem kết quả!</summary>\n","  <div>\n","<style scoped=\"\">\n","    .dataframe tbody tr th:only-of-type {\n","        vertical-align: middle;\n","    }\n","\n","    .dataframe tbody tr th {\n","        vertical-align: top;\n","    }\n","\n","    .dataframe thead th {\n","        text-align: right;\n","    }\n","</style>\n","<table border=\"1\" class=\"dataframe\">\n","  <thead>\n","    <tr style=\"text-align: right;\">\n","      <th></th>\n","      <th>date</th>\n","      <th>symbol</th>\n","      <th>open</th>\n","      <th>high</th>\n","      <th>low</th>\n","      <th>close</th>\n","      <th>volume</th>\n","    </tr>\n","  </thead>\n","  <tbody>\n","    <tr>\n","      <th>0</th>\n","      <td>01-03-19</td>\n","      <td>AMZN</td>\n","      <td>1655.13</td>\n","      <td>1674.26</td>\n","      <td>1651.00</td>\n","      <td>1671.73</td>\n","      <td>4974877</td>\n","    </tr>\n","    <tr>\n","      <th>1</th>\n","      <td>04-03-19</td>\n","      <td>AMZN</td>\n","      <td>1685.00</td>\n","      <td>1709.43</td>\n","      <td>1674.36</td>\n","      <td>1696.17</td>\n","      <td>6167358</td>\n","    </tr>\n","    <tr>\n","      <th>2</th>\n","      <td>05-03-19</td>\n","      <td>AMZN</td>\n","      <td>1702.95</td>\n","      <td>1707.80</td>\n","      <td>1689.01</td>\n","      <td>1692.43</td>\n","      <td>3681522</td>\n","    </tr>\n","    <tr>\n","      <th>3</th>\n","      <td>06-03-19</td>\n","      <td>AMZN</td>\n","      <td>1695.97</td>\n","      <td>NaN</td>\n","      <td>NaN</td>\n","      <td>1668.95</td>\n","      <td>3996001</td>\n","    </tr>\n","    <tr>\n","      <th>4</th>\n","      <td>07-03-19</td>\n","      <td>AMZN</td>\n","      <td>1667.37</td>\n","      <td>1669.75</td>\n","      <td>1620.51</td>\n","      <td>1625.95</td>\n","      <td>4957017</td>\n","    </tr>\n","  </tbody>\n","</table>\n","</div>\n","  \n","</details>"]},{"cell_type":"code","metadata":{"id":"Fa5pcqoOPpIA"},"source":["# Hiển thị 5 dòng dữ liệu cuối của stocks1\n"],"execution_count":null,"outputs":[]},{"cell_type":"markdown","metadata":{"id":"KYTy8Q0jPpIB"},"source":["<details>\n","  <summary>Nhấn vào đây để xem kết quả!</summary>\n","  <div>\n","<style scoped=\"\">\n","    .dataframe tbody tr th:only-of-type {\n","        vertical-align: middle;\n","    }\n","\n","    .dataframe tbody tr th {\n","        vertical-align: top;\n","    }\n","\n","    .dataframe thead th {\n","        text-align: right;\n","    }\n","</style>\n","<table border=\"1\" class=\"dataframe\">\n","  <thead>\n","    <tr style=\"text-align: right;\">\n","      <th></th>\n","      <th>date</th>\n","      <th>symbol</th>\n","      <th>open</th>\n","      <th>high</th>\n","      <th>low</th>\n","      <th>close</th>\n","      <th>volume</th>\n","    </tr>\n","  </thead>\n","  <tbody>\n","    <tr>\n","      <th>10</th>\n","      <td>01-03-19</td>\n","      <td>GOOG</td>\n","      <td>1124.90</td>\n","      <td>1142.97</td>\n","      <td>1124.75</td>\n","      <td>1140.99</td>\n","      <td>1450316</td>\n","    </tr>\n","    <tr>\n","      <th>11</th>\n","      <td>04-03-19</td>\n","      <td>GOOG</td>\n","      <td>1146.99</td>\n","      <td>1158.28</td>\n","      <td>1130.69</td>\n","      <td>1147.80</td>\n","      <td>1446047</td>\n","    </tr>\n","    <tr>\n","      <th>12</th>\n","      <td>05-03-19</td>\n","      <td>GOOG</td>\n","      <td>1150.06</td>\n","      <td>NaN</td>\n","      <td>NaN</td>\n","      <td>1162.03</td>\n","      <td>1443174</td>\n","    </tr>\n","    <tr>\n","      <th>13</th>\n","      <td>06-03-19</td>\n","      <td>GOOG</td>\n","      <td>1162.49</td>\n","      <td>1167.57</td>\n","      <td>1155.49</td>\n","      <td>1157.86</td>\n","      <td>1099289</td>\n","    </tr>\n","    <tr>\n","      <th>14</th>\n","      <td>07-03-19</td>\n","      <td>GOOG</td>\n","      <td>1155.72</td>\n","      <td>1156.76</td>\n","      <td>1134.91</td>\n","      <td>1143.30</td>\n","      <td>1166559</td>\n","    </tr>\n","  </tbody>\n","</table>\n","</div>\n","  \n","</details>"]},{"cell_type":"code","metadata":{"id":"7DeB_0zQPpID"},"source":["# Cho biết kiểu dữ liệu (dtype) của các cột của stocks1\n"],"execution_count":null,"outputs":[]},{"cell_type":"markdown","metadata":{"id":"6RMqo8TgPpIE"},"source":["<details>\n","  <summary>Nhấn vào đây để xem kết quả!</summary>\n","  <pre>date       object\n","symbol     object\n","open      float64\n","high      float64\n","low       float64\n","close     float64\n","volume      int64\n","dtype: object</pre>\n","  \n","</details>"]},{"cell_type":"code","metadata":{"id":"IfwDBRJjPpIF"},"source":["# Xem thông tin (info) của stocks1\n"],"execution_count":null,"outputs":[]},{"cell_type":"markdown","metadata":{"id":"XOfF5feaPpIF"},"source":["<details>\n","  <summary>Nhấn vào đây để xem kết quả!</summary>\n","  <pre>&lt;class 'pandas.core.frame.DataFrame'&gt;\n","RangeIndex: 15 entries, 0 to 14\n","Data columns (total 7 columns):\n","date      15 non-null object\n","symbol    15 non-null object\n","open      15 non-null float64\n","high      13 non-null float64\n","low       13 non-null float64\n","close     15 non-null float64\n","volume    15 non-null int64\n","dtypes: float64(4), int64(1), object(2)\n","memory usage: 968.0+ bytes\n","</pre>\n","  \n","</details>"]},{"cell_type":"code","metadata":{"id":"aAmCvJDgPpIK"},"source":["# Câu 1b: Đọc file stocks2.csv => đưa dữ liệu vào stocks2\n","\n","# Hiển thị 5 dòng dữ liệu đầu của stocks2\n"],"execution_count":null,"outputs":[]},{"cell_type":"markdown","metadata":{"id":"7o8OFkhcPpIK"},"source":["<details>\n","  <summary>Nhấn vào đây để xem kết quả!</summary>\n","  <div>\n","<style scoped=\"\">\n","    .dataframe tbody tr th:only-of-type {\n","        vertical-align: middle;\n","    }\n","\n","    .dataframe tbody tr th {\n","        vertical-align: top;\n","    }\n","\n","    .dataframe thead th {\n","        text-align: right;\n","    }\n","</style>\n","<table border=\"1\" class=\"dataframe\">\n","  <thead>\n","    <tr style=\"text-align: right;\">\n","      <th></th>\n","      <th>date</th>\n","      <th>symbol</th>\n","      <th>open</th>\n","      <th>high</th>\n","      <th>low</th>\n","      <th>close</th>\n","      <th>volume</th>\n","    </tr>\n","  </thead>\n","  <tbody>\n","    <tr>\n","      <th>0</th>\n","      <td>01-03-19</td>\n","      <td>FB</td>\n","      <td>162.60</td>\n","      <td>163.132</td>\n","      <td>161.69</td>\n","      <td>162.28</td>\n","      <td>11097770</td>\n","    </tr>\n","    <tr>\n","      <th>1</th>\n","      <td>04-03-19</td>\n","      <td>FB</td>\n","      <td>163.90</td>\n","      <td>167.500</td>\n","      <td>163.83</td>\n","      <td>167.37</td>\n","      <td>18894689</td>\n","    </tr>\n","    <tr>\n","      <th>2</th>\n","      <td>05-03-19</td>\n","      <td>FB</td>\n","      <td>167.37</td>\n","      <td>171.880</td>\n","      <td>166.55</td>\n","      <td>171.26</td>\n","      <td>28187890</td>\n","    </tr>\n","    <tr>\n","      <th>3</th>\n","      <td>06-03-19</td>\n","      <td>FB</td>\n","      <td>172.90</td>\n","      <td>173.570</td>\n","      <td>171.27</td>\n","      <td>172.51</td>\n","      <td>21531723</td>\n","    </tr>\n","    <tr>\n","      <th>4</th>\n","      <td>07-03-19</td>\n","      <td>FB</td>\n","      <td>171.50</td>\n","      <td>171.740</td>\n","      <td>167.61</td>\n","      <td>169.13</td>\n","      <td>18306504</td>\n","    </tr>\n","  </tbody>\n","</table>\n","</div>\n","  \n","</details>"]},{"cell_type":"code","metadata":{"id":"7nNzdDwBPpIM"},"source":["# Hiển thị 5 dòng dữ liệu cuối của stocks2\n"],"execution_count":null,"outputs":[]},{"cell_type":"markdown","metadata":{"id":"Ac9rMxbDPpIN"},"source":["<details>\n","  <summary>Nhấn vào đây để xem kết quả!</summary>\n","  <div>\n","<style scoped=\"\">\n","    .dataframe tbody tr th:only-of-type {\n","        vertical-align: middle;\n","    }\n","\n","    .dataframe tbody tr th {\n","        vertical-align: top;\n","    }\n","\n","    .dataframe thead th {\n","        text-align: right;\n","    }\n","</style>\n","<table border=\"1\" class=\"dataframe\">\n","  <thead>\n","    <tr style=\"text-align: right;\">\n","      <th></th>\n","      <th>date</th>\n","      <th>symbol</th>\n","      <th>open</th>\n","      <th>high</th>\n","      <th>low</th>\n","      <th>close</th>\n","      <th>volume</th>\n","    </tr>\n","  </thead>\n","  <tbody>\n","    <tr>\n","      <th>5</th>\n","      <td>01-03-19</td>\n","      <td>TSLA</td>\n","      <td>306.94</td>\n","      <td>307.1300</td>\n","      <td>291.90</td>\n","      <td>294.79</td>\n","      <td>22911375</td>\n","    </tr>\n","    <tr>\n","      <th>6</th>\n","      <td>04-03-19</td>\n","      <td>TSLA</td>\n","      <td>298.12</td>\n","      <td>299.0000</td>\n","      <td>282.78</td>\n","      <td>285.36</td>\n","      <td>17096818</td>\n","    </tr>\n","    <tr>\n","      <th>7</th>\n","      <td>05-03-19</td>\n","      <td>TSLA</td>\n","      <td>282.00</td>\n","      <td>284.0000</td>\n","      <td>270.10</td>\n","      <td>276.54</td>\n","      <td>18764740</td>\n","    </tr>\n","    <tr>\n","      <th>8</th>\n","      <td>06-03-19</td>\n","      <td>TSLA</td>\n","      <td>276.48</td>\n","      <td>281.5058</td>\n","      <td>274.39</td>\n","      <td>276.24</td>\n","      <td>10335485</td>\n","    </tr>\n","    <tr>\n","      <th>9</th>\n","      <td>07-03-19</td>\n","      <td>TSLA</td>\n","      <td>278.84</td>\n","      <td>284.7000</td>\n","      <td>274.25</td>\n","      <td>276.59</td>\n","      <td>9442483</td>\n","    </tr>\n","  </tbody>\n","</table>\n","</div>\n","  \n","</details>"]},{"cell_type":"code","metadata":{"id":"0mZG304cPpIP"},"source":["# Cho biết kiểu dữ liệu (dtype) của các cột của stocks2\n"],"execution_count":null,"outputs":[]},{"cell_type":"markdown","metadata":{"id":"3IQV4wItPpIV"},"source":["<details>\n","  <summary>Nhấn vào đây để xem kết quả!</summary>\n","  <pre>date       object\n","symbol     object\n","open      float64\n","high      float64\n","low       float64\n","close     float64\n","volume      int64\n","dtype: object</pre>\n","  \n","</details>"]},{"cell_type":"code","metadata":{"id":"z4q4RzywPpIW"},"source":["# Xem thông tin (info) của stocks2\n"],"execution_count":null,"outputs":[]},{"cell_type":"markdown","metadata":{"id":"yJDvEkO9PpIY"},"source":["<details>\n","  <summary>Nhấn vào đây để xem kết quả!</summary>\n","  <pre>&lt;class 'pandas.core.frame.DataFrame'&gt;\n","RangeIndex: 10 entries, 0 to 9\n","Data columns (total 7 columns):\n","date      10 non-null object\n","symbol    10 non-null object\n","open      10 non-null float64\n","high      10 non-null float64\n","low       10 non-null float64\n","close     10 non-null float64\n","volume    10 non-null int64\n","dtypes: float64(4), int64(1), object(2)\n","memory usage: 688.0+ bytes\n","</pre>\n","  \n","</details>"]},{"cell_type":"code","metadata":{"id":"tJZGtldSPpIZ"},"source":["# Câu 1c: Đọc file companies.csv => đưa dữ liệu vào companies\n","\n","# Xem dữ liệu của companies\n"],"execution_count":null,"outputs":[]},{"cell_type":"markdown","metadata":{"id":"YnSmV8KuPpIb"},"source":["<details>\n","  <summary>Nhấn vào đây để xem kết quả!</summary>\n","  <div>\n","<style scoped=\"\">\n","    .dataframe tbody tr th:only-of-type {\n","        vertical-align: middle;\n","    }\n","\n","    .dataframe tbody tr th {\n","        vertical-align: top;\n","    }\n","\n","    .dataframe thead th {\n","        text-align: right;\n","    }\n","</style>\n","<table border=\"1\" class=\"dataframe\">\n","  <thead>\n","    <tr style=\"text-align: right;\">\n","      <th></th>\n","      <th>name</th>\n","      <th>employees</th>\n","      <th>headquarters_city</th>\n","      <th>headquarters_state</th>\n","    </tr>\n","  </thead>\n","  <tbody>\n","    <tr>\n","      <th>0</th>\n","      <td>AMZN</td>\n","      <td>613300</td>\n","      <td>Seattle</td>\n","      <td>WA</td>\n","    </tr>\n","    <tr>\n","      <th>1</th>\n","      <td>GOOG</td>\n","      <td>98771</td>\n","      <td>Mountain View</td>\n","      <td>CA</td>\n","    </tr>\n","    <tr>\n","      <th>2</th>\n","      <td>AAPL</td>\n","      <td>132000</td>\n","      <td>Cupertino</td>\n","      <td>CA</td>\n","    </tr>\n","    <tr>\n","      <th>3</th>\n","      <td>FB</td>\n","      <td>48268</td>\n","      <td>Menlo Park</td>\n","      <td>CA</td>\n","    </tr>\n","    <tr>\n","      <th>4</th>\n","      <td>TSLA</td>\n","      <td>48016</td>\n","      <td>Palo Alto</td>\n","      <td>CA</td>\n","    </tr>\n","  </tbody>\n","</table>\n","</div>\n","  \n","</details>"]},{"cell_type":"code","metadata":{"id":"aCSJ3n91PpIe"},"source":["# Cho biết kiểu dữ liệu (dtype) của các cột của companies\n"],"execution_count":null,"outputs":[]},{"cell_type":"markdown","metadata":{"id":"L-7FWW4nPpIf"},"source":["<details>\n","  <summary>Nhấn vào đây để xem kết quả!</summary>\n","  <pre>name                  object\n","employees              int64\n","headquarters_city     object\n","headquarters_state    object\n","dtype: object</pre>\n","  \n","</details>"]},{"cell_type":"code","metadata":{"id":"PP4hOqVhPpIg"},"source":["# Xem thông tin (info) của companies\n"],"execution_count":null,"outputs":[]},{"cell_type":"markdown","metadata":{"id":"SVjaiAqoPpIg"},"source":["<details>\n","  <summary>Nhấn vào đây để xem kết quả!</summary>\n","  <pre>&lt;class 'pandas.core.frame.DataFrame'&gt;\n","RangeIndex: 5 entries, 0 to 4\n","Data columns (total 4 columns):\n","name                  5 non-null object\n","employees             5 non-null int64\n","headquarters_city     5 non-null object\n","headquarters_state    5 non-null object\n","dtypes: int64(1), object(3)\n","memory usage: 288.0+ bytes\n","</pre>\n","  \n","</details>"]},{"cell_type":"code","metadata":{"id":"JiITaRK7PpIh"},"source":["# Câu 2: Cho biết trong stocks1 có dữ liệu Null hay không?  \n"],"execution_count":null,"outputs":[]},{"cell_type":"markdown","metadata":{"id":"-FBKjya3PpIh"},"source":["<details>\n","  <summary>Nhấn vào đây để xem kết quả!</summary>\n","  <pre>date      False\n","symbol    False\n","open      False\n","high       True\n","low        True\n","close     False\n","volume    False\n","dtype: bool</pre>\n","  \n","</details>"]},{"cell_type":"code","metadata":{"id":"p6I--UKfPpIi"},"source":["# Nếu có, hãy thay thế với quy tắc sau:\n","# Nếu Null cột 'high' thì thay bằng giá trị max trên cột 'high' của mã chứng khoán đó\n","# Nếu Null cột 'low' thì thay bằng giá trị min trên cột 'low' của mã chứng khoán đó\n","\n"],"execution_count":null,"outputs":[]},{"cell_type":"markdown","metadata":{"id":"omzLIvH3PpIi"},"source":["<details>\n","  <summary>Nhấn vào đây để xem kết quả!</summary>\n","  <div>\n","<style scoped=\"\">\n","    .dataframe tbody tr th:only-of-type {\n","        vertical-align: middle;\n","    }\n","\n","    .dataframe tbody tr th {\n","        vertical-align: top;\n","    }\n","\n","    .dataframe thead th {\n","        text-align: right;\n","    }\n","</style>\n","<table border=\"1\" class=\"dataframe\">\n","  <thead>\n","    <tr style=\"text-align: right;\">\n","      <th></th>\n","      <th>date</th>\n","      <th>symbol</th>\n","      <th>open</th>\n","      <th>high</th>\n","      <th>low</th>\n","      <th>close</th>\n","      <th>volume</th>\n","    </tr>\n","  </thead>\n","  <tbody>\n","    <tr>\n","      <th>0</th>\n","      <td>01-03-19</td>\n","      <td>AMZN</td>\n","      <td>1655.13</td>\n","      <td>1674.26</td>\n","      <td>1651.00</td>\n","      <td>1671.73</td>\n","      <td>4974877</td>\n","    </tr>\n","    <tr>\n","      <th>1</th>\n","      <td>04-03-19</td>\n","      <td>AMZN</td>\n","      <td>1685.00</td>\n","      <td>1709.43</td>\n","      <td>1674.36</td>\n","      <td>1696.17</td>\n","      <td>6167358</td>\n","    </tr>\n","    <tr>\n","      <th>2</th>\n","      <td>05-03-19</td>\n","      <td>AMZN</td>\n","      <td>1702.95</td>\n","      <td>1707.80</td>\n","      <td>1689.01</td>\n","      <td>1692.43</td>\n","      <td>3681522</td>\n","    </tr>\n","    <tr>\n","      <th>3</th>\n","      <td>06-03-19</td>\n","      <td>AMZN</td>\n","      <td>1695.97</td>\n","      <td>1709.43</td>\n","      <td>1620.51</td>\n","      <td>1668.95</td>\n","      <td>3996001</td>\n","    </tr>\n","    <tr>\n","      <th>4</th>\n","      <td>07-03-19</td>\n","      <td>AMZN</td>\n","      <td>1667.37</td>\n","      <td>1669.75</td>\n","      <td>1620.51</td>\n","      <td>1625.95</td>\n","      <td>4957017</td>\n","    </tr>\n","    <tr>\n","      <th>5</th>\n","      <td>01-03-19</td>\n","      <td>AAPL</td>\n","      <td>174.28</td>\n","      <td>175.15</td>\n","      <td>172.89</td>\n","      <td>174.97</td>\n","      <td>25886167</td>\n","    </tr>\n","    <tr>\n","      <th>6</th>\n","      <td>04-03-19</td>\n","      <td>AAPL</td>\n","      <td>175.69</td>\n","      <td>177.75</td>\n","      <td>173.97</td>\n","      <td>175.85</td>\n","      <td>27436203</td>\n","    </tr>\n","    <tr>\n","      <th>7</th>\n","      <td>05-03-19</td>\n","      <td>AAPL</td>\n","      <td>175.94</td>\n","      <td>176.00</td>\n","      <td>174.54</td>\n","      <td>175.53</td>\n","      <td>19737419</td>\n","    </tr>\n","    <tr>\n","      <th>8</th>\n","      <td>06-03-19</td>\n","      <td>AAPL</td>\n","      <td>174.67</td>\n","      <td>175.49</td>\n","      <td>173.94</td>\n","      <td>174.52</td>\n","      <td>20810384</td>\n","    </tr>\n","    <tr>\n","      <th>9</th>\n","      <td>07-03-19</td>\n","      <td>AAPL</td>\n","      <td>173.87</td>\n","      <td>174.44</td>\n","      <td>172.02</td>\n","      <td>172.50</td>\n","      <td>24796374</td>\n","    </tr>\n","    <tr>\n","      <th>10</th>\n","      <td>01-03-19</td>\n","      <td>GOOG</td>\n","      <td>1124.90</td>\n","      <td>1142.97</td>\n","      <td>1124.75</td>\n","      <td>1140.99</td>\n","      <td>1450316</td>\n","    </tr>\n","    <tr>\n","      <th>11</th>\n","      <td>04-03-19</td>\n","      <td>GOOG</td>\n","      <td>1146.99</td>\n","      <td>1158.28</td>\n","      <td>1130.69</td>\n","      <td>1147.80</td>\n","      <td>1446047</td>\n","    </tr>\n","    <tr>\n","      <th>12</th>\n","      <td>05-03-19</td>\n","      <td>GOOG</td>\n","      <td>1150.06</td>\n","      <td>1167.57</td>\n","      <td>1124.75</td>\n","      <td>1162.03</td>\n","      <td>1443174</td>\n","    </tr>\n","    <tr>\n","      <th>13</th>\n","      <td>06-03-19</td>\n","      <td>GOOG</td>\n","      <td>1162.49</td>\n","      <td>1167.57</td>\n","      <td>1155.49</td>\n","      <td>1157.86</td>\n","      <td>1099289</td>\n","    </tr>\n","    <tr>\n","      <th>14</th>\n","      <td>07-03-19</td>\n","      <td>GOOG</td>\n","      <td>1155.72</td>\n","      <td>1156.76</td>\n","      <td>1134.91</td>\n","      <td>1143.30</td>\n","      <td>1166559</td>\n","    </tr>\n","  </tbody>\n","</table>\n","</div>\n","  \n","</details>"]},{"cell_type":"code","metadata":{"id":"OyjZo1_BPpIm"},"source":["# Câu 3: Tạo dataframe stocks bằng cách gộp stocks1 và stocks2 theo dòng\n","\n","# Xem 15 dòng dữ liệu cuối của stocks\n"],"execution_count":null,"outputs":[]},{"cell_type":"markdown","metadata":{"id":"rMzMXcUNPpIm"},"source":["<details>\n","  <summary>Nhấn vào đây để xem kết quả!</summary>\n","  <div>\n","<style scoped=\"\">\n","    .dataframe tbody tr th:only-of-type {\n","        vertical-align: middle;\n","    }\n","\n","    .dataframe tbody tr th {\n","        vertical-align: top;\n","    }\n","\n","    .dataframe thead th {\n","        text-align: right;\n","    }\n","</style>\n","<table border=\"1\" class=\"dataframe\">\n","  <thead>\n","    <tr style=\"text-align: right;\">\n","      <th></th>\n","      <th>date</th>\n","      <th>symbol</th>\n","      <th>open</th>\n","      <th>high</th>\n","      <th>low</th>\n","      <th>close</th>\n","      <th>volume</th>\n","    </tr>\n","  </thead>\n","  <tbody>\n","    <tr>\n","      <th>10</th>\n","      <td>01-03-19</td>\n","      <td>GOOG</td>\n","      <td>1124.90</td>\n","      <td>1142.9700</td>\n","      <td>1124.75</td>\n","      <td>1140.99</td>\n","      <td>1450316</td>\n","    </tr>\n","    <tr>\n","      <th>11</th>\n","      <td>04-03-19</td>\n","      <td>GOOG</td>\n","      <td>1146.99</td>\n","      <td>1158.2800</td>\n","      <td>1130.69</td>\n","      <td>1147.80</td>\n","      <td>1446047</td>\n","    </tr>\n","    <tr>\n","      <th>12</th>\n","      <td>05-03-19</td>\n","      <td>GOOG</td>\n","      <td>1150.06</td>\n","      <td>1167.5700</td>\n","      <td>1124.75</td>\n","      <td>1162.03</td>\n","      <td>1443174</td>\n","    </tr>\n","    <tr>\n","      <th>13</th>\n","      <td>06-03-19</td>\n","      <td>GOOG</td>\n","      <td>1162.49</td>\n","      <td>1167.5700</td>\n","      <td>1155.49</td>\n","      <td>1157.86</td>\n","      <td>1099289</td>\n","    </tr>\n","    <tr>\n","      <th>14</th>\n","      <td>07-03-19</td>\n","      <td>GOOG</td>\n","      <td>1155.72</td>\n","      <td>1156.7600</td>\n","      <td>1134.91</td>\n","      <td>1143.30</td>\n","      <td>1166559</td>\n","    </tr>\n","    <tr>\n","      <th>15</th>\n","      <td>01-03-19</td>\n","      <td>FB</td>\n","      <td>162.60</td>\n","      <td>163.1320</td>\n","      <td>161.69</td>\n","      <td>162.28</td>\n","      <td>11097770</td>\n","    </tr>\n","    <tr>\n","      <th>16</th>\n","      <td>04-03-19</td>\n","      <td>FB</td>\n","      <td>163.90</td>\n","      <td>167.5000</td>\n","      <td>163.83</td>\n","      <td>167.37</td>\n","      <td>18894689</td>\n","    </tr>\n","    <tr>\n","      <th>17</th>\n","      <td>05-03-19</td>\n","      <td>FB</td>\n","      <td>167.37</td>\n","      <td>171.8800</td>\n","      <td>166.55</td>\n","      <td>171.26</td>\n","      <td>28187890</td>\n","    </tr>\n","    <tr>\n","      <th>18</th>\n","      <td>06-03-19</td>\n","      <td>FB</td>\n","      <td>172.90</td>\n","      <td>173.5700</td>\n","      <td>171.27</td>\n","      <td>172.51</td>\n","      <td>21531723</td>\n","    </tr>\n","    <tr>\n","      <th>19</th>\n","      <td>07-03-19</td>\n","      <td>FB</td>\n","      <td>171.50</td>\n","      <td>171.7400</td>\n","      <td>167.61</td>\n","      <td>169.13</td>\n","      <td>18306504</td>\n","    </tr>\n","    <tr>\n","      <th>20</th>\n","      <td>01-03-19</td>\n","      <td>TSLA</td>\n","      <td>306.94</td>\n","      <td>307.1300</td>\n","      <td>291.90</td>\n","      <td>294.79</td>\n","      <td>22911375</td>\n","    </tr>\n","    <tr>\n","      <th>21</th>\n","      <td>04-03-19</td>\n","      <td>TSLA</td>\n","      <td>298.12</td>\n","      <td>299.0000</td>\n","      <td>282.78</td>\n","      <td>285.36</td>\n","      <td>17096818</td>\n","    </tr>\n","    <tr>\n","      <th>22</th>\n","      <td>05-03-19</td>\n","      <td>TSLA</td>\n","      <td>282.00</td>\n","      <td>284.0000</td>\n","      <td>270.10</td>\n","      <td>276.54</td>\n","      <td>18764740</td>\n","    </tr>\n","    <tr>\n","      <th>23</th>\n","      <td>06-03-19</td>\n","      <td>TSLA</td>\n","      <td>276.48</td>\n","      <td>281.5058</td>\n","      <td>274.39</td>\n","      <td>276.24</td>\n","      <td>10335485</td>\n","    </tr>\n","    <tr>\n","      <th>24</th>\n","      <td>07-03-19</td>\n","      <td>TSLA</td>\n","      <td>278.84</td>\n","      <td>284.7000</td>\n","      <td>274.25</td>\n","      <td>276.59</td>\n","      <td>9442483</td>\n","    </tr>\n","  </tbody>\n","</table>\n","</div>\n","  \n","</details>"]},{"cell_type":"code","metadata":{"id":"fcb8USKFPpIn"},"source":["# Câu 4: Tạo dataframe stocks_companies bằng cách gộp stocks và companies \n","\n","# Xem 5 dòng dữ liệu đầu của stocks_companies\n"],"execution_count":null,"outputs":[]},{"cell_type":"markdown","metadata":{"id":"wqCnKZQdPpIn"},"source":["<details>\n","  <summary>Nhấn vào đây để xem kết quả!</summary>\n","  <div>\n","<style scoped=\"\">\n","    .dataframe tbody tr th:only-of-type {\n","        vertical-align: middle;\n","    }\n","\n","    .dataframe tbody tr th {\n","        vertical-align: top;\n","    }\n","\n","    .dataframe thead th {\n","        text-align: right;\n","    }\n","</style>\n","<table border=\"1\" class=\"dataframe\">\n","  <thead>\n","    <tr style=\"text-align: right;\">\n","      <th></th>\n","      <th>date</th>\n","      <th>symbol</th>\n","      <th>open</th>\n","      <th>high</th>\n","      <th>low</th>\n","      <th>close</th>\n","      <th>volume</th>\n","      <th>name</th>\n","      <th>employees</th>\n","      <th>headquarters_city</th>\n","      <th>headquarters_state</th>\n","    </tr>\n","  </thead>\n","  <tbody>\n","    <tr>\n","      <th>0</th>\n","      <td>01-03-19</td>\n","      <td>AMZN</td>\n","      <td>1655.13</td>\n","      <td>1674.26</td>\n","      <td>1651.00</td>\n","      <td>1671.73</td>\n","      <td>4974877</td>\n","      <td>AMZN</td>\n","      <td>613300</td>\n","      <td>Seattle</td>\n","      <td>WA</td>\n","    </tr>\n","    <tr>\n","      <th>1</th>\n","      <td>04-03-19</td>\n","      <td>AMZN</td>\n","      <td>1685.00</td>\n","      <td>1709.43</td>\n","      <td>1674.36</td>\n","      <td>1696.17</td>\n","      <td>6167358</td>\n","      <td>AMZN</td>\n","      <td>613300</td>\n","      <td>Seattle</td>\n","      <td>WA</td>\n","    </tr>\n","    <tr>\n","      <th>2</th>\n","      <td>05-03-19</td>\n","      <td>AMZN</td>\n","      <td>1702.95</td>\n","      <td>1707.80</td>\n","      <td>1689.01</td>\n","      <td>1692.43</td>\n","      <td>3681522</td>\n","      <td>AMZN</td>\n","      <td>613300</td>\n","      <td>Seattle</td>\n","      <td>WA</td>\n","    </tr>\n","    <tr>\n","      <th>3</th>\n","      <td>06-03-19</td>\n","      <td>AMZN</td>\n","      <td>1695.97</td>\n","      <td>1709.43</td>\n","      <td>1620.51</td>\n","      <td>1668.95</td>\n","      <td>3996001</td>\n","      <td>AMZN</td>\n","      <td>613300</td>\n","      <td>Seattle</td>\n","      <td>WA</td>\n","    </tr>\n","    <tr>\n","      <th>4</th>\n","      <td>07-03-19</td>\n","      <td>AMZN</td>\n","      <td>1667.37</td>\n","      <td>1669.75</td>\n","      <td>1620.51</td>\n","      <td>1625.95</td>\n","      <td>4957017</td>\n","      <td>AMZN</td>\n","      <td>613300</td>\n","      <td>Seattle</td>\n","      <td>WA</td>\n","    </tr>\n","  </tbody>\n","</table>\n","</div>\n","  \n","</details>"]},{"cell_type":"code","metadata":{"id":"CY0625gBPpIo"},"source":["# Câu 5: Cho biết giá (open, high, low, close) trung bình  và volume trung bình của mỗi công ty\n"],"execution_count":null,"outputs":[]},{"cell_type":"markdown","metadata":{"id":"mt4i0KB-PpIo"},"source":["<details>\n","  <summary>Nhấn vào đây để xem kết quả!</summary>\n","  <div>\n","<style scoped=\"\">\n","    .dataframe tbody tr th:only-of-type {\n","        vertical-align: middle;\n","    }\n","\n","    .dataframe tbody tr th {\n","        vertical-align: top;\n","    }\n","\n","    .dataframe thead th {\n","        text-align: right;\n","    }\n","</style>\n","<table border=\"1\" class=\"dataframe\">\n","  <thead>\n","    <tr style=\"text-align: right;\">\n","      <th></th>\n","      <th>open</th>\n","      <th>high</th>\n","      <th>low</th>\n","      <th>close</th>\n","      <th>volume</th>\n","    </tr>\n","    <tr>\n","      <th>symbol</th>\n","      <th></th>\n","      <th></th>\n","      <th></th>\n","      <th></th>\n","      <th></th>\n","    </tr>\n","  </thead>\n","  <tbody>\n","    <tr>\n","      <th>AAPL</th>\n","      <td>174.890</td>\n","      <td>175.76600</td>\n","      <td>173.472</td>\n","      <td>174.674</td>\n","      <td>23733309.4</td>\n","    </tr>\n","    <tr>\n","      <th>AMZN</th>\n","      <td>1681.284</td>\n","      <td>1694.13400</td>\n","      <td>1651.078</td>\n","      <td>1671.046</td>\n","      <td>4755355.0</td>\n","    </tr>\n","    <tr>\n","      <th>FB</th>\n","      <td>167.654</td>\n","      <td>169.56440</td>\n","      <td>166.190</td>\n","      <td>168.510</td>\n","      <td>19603715.2</td>\n","    </tr>\n","    <tr>\n","      <th>GOOG</th>\n","      <td>1148.032</td>\n","      <td>1158.63000</td>\n","      <td>1134.118</td>\n","      <td>1150.396</td>\n","      <td>1321077.0</td>\n","    </tr>\n","    <tr>\n","      <th>TSLA</th>\n","      <td>288.476</td>\n","      <td>291.26716</td>\n","      <td>278.684</td>\n","      <td>281.904</td>\n","      <td>15710180.2</td>\n","    </tr>\n","  </tbody>\n","</table>\n","</div>\n","  \n","</details>"]},{"cell_type":"code","metadata":{"id":"qvdCrmdLPpIp"},"source":["# Câu 6: Cho biết giá đóng cửa (close) trung bình, lớn nhất và nhỏ nhất ở mỗi công ty\n"],"execution_count":null,"outputs":[]},{"cell_type":"markdown","metadata":{"id":"CnCXeDtWPpIp"},"source":["<details>\n","  <summary>Nhấn vào đây để xem kết quả!</summary>\n","  <div>\n","<style scoped=\"\">\n","    .dataframe tbody tr th:only-of-type {\n","        vertical-align: middle;\n","    }\n","\n","    .dataframe tbody tr th {\n","        vertical-align: top;\n","    }\n","\n","    .dataframe thead th {\n","        text-align: right;\n","    }\n","</style>\n","<table border=\"1\" class=\"dataframe\">\n","  <thead>\n","    <tr style=\"text-align: right;\">\n","      <th></th>\n","      <th>mean</th>\n","      <th>min</th>\n","      <th>max</th>\n","    </tr>\n","    <tr>\n","      <th>symbol</th>\n","      <th></th>\n","      <th></th>\n","      <th></th>\n","    </tr>\n","  </thead>\n","  <tbody>\n","    <tr>\n","      <th>AAPL</th>\n","      <td>174.674</td>\n","      <td>172.50</td>\n","      <td>175.85</td>\n","    </tr>\n","    <tr>\n","      <th>AMZN</th>\n","      <td>1671.046</td>\n","      <td>1625.95</td>\n","      <td>1696.17</td>\n","    </tr>\n","    <tr>\n","      <th>FB</th>\n","      <td>168.510</td>\n","      <td>162.28</td>\n","      <td>172.51</td>\n","    </tr>\n","    <tr>\n","      <th>GOOG</th>\n","      <td>1150.396</td>\n","      <td>1140.99</td>\n","      <td>1162.03</td>\n","    </tr>\n","    <tr>\n","      <th>TSLA</th>\n","      <td>281.904</td>\n","      <td>276.24</td>\n","      <td>294.79</td>\n","    </tr>\n","  </tbody>\n","</table>\n","</div>\n","  \n","</details>"]},{"cell_type":"code","metadata":{"id":"idcp2q_bPpIq"},"source":["# Câu 7: Tạo cột parsed_time trong stocks_companies bằng cách đổi thời gian sang định dạng DateTime\n","\n","# Cho biết kiểu dữ liệu của cột parsed_time\n","\n","# Hiển thị 5 dòng dữ liệu đầu của stocks_companies\n"],"execution_count":null,"outputs":[]},{"cell_type":"markdown","metadata":{"id":"-w9BpeR-PpIq"},"source":["<details>\n","  <summary>Nhấn vào đây để xem kết quả!</summary>\n","  <div>\n","<style scoped=\"\">\n","    .dataframe tbody tr th:only-of-type {\n","        vertical-align: middle;\n","    }\n","\n","    .dataframe tbody tr th {\n","        vertical-align: top;\n","    }\n","\n","    .dataframe thead th {\n","        text-align: right;\n","    }\n","</style>\n","<table border=\"1\" class=\"dataframe\">\n","  <thead>\n","    <tr style=\"text-align: right;\">\n","      <th></th>\n","      <th>date</th>\n","      <th>symbol</th>\n","      <th>open</th>\n","      <th>high</th>\n","      <th>low</th>\n","      <th>close</th>\n","      <th>volume</th>\n","      <th>name</th>\n","      <th>employees</th>\n","      <th>headquarters_city</th>\n","      <th>headquarters_state</th>\n","      <th>parsed_time</th>\n","    </tr>\n","  </thead>\n","  <tbody>\n","    <tr>\n","      <th>0</th>\n","      <td>01-03-19</td>\n","      <td>AMZN</td>\n","      <td>1655.13</td>\n","      <td>1674.26</td>\n","      <td>1651.00</td>\n","      <td>1671.73</td>\n","      <td>4974877</td>\n","      <td>AMZN</td>\n","      <td>613300</td>\n","      <td>Seattle</td>\n","      <td>WA</td>\n","      <td>2019-01-03</td>\n","    </tr>\n","    <tr>\n","      <th>1</th>\n","      <td>04-03-19</td>\n","      <td>AMZN</td>\n","      <td>1685.00</td>\n","      <td>1709.43</td>\n","      <td>1674.36</td>\n","      <td>1696.17</td>\n","      <td>6167358</td>\n","      <td>AMZN</td>\n","      <td>613300</td>\n","      <td>Seattle</td>\n","      <td>WA</td>\n","      <td>2019-04-03</td>\n","    </tr>\n","    <tr>\n","      <th>2</th>\n","      <td>05-03-19</td>\n","      <td>AMZN</td>\n","      <td>1702.95</td>\n","      <td>1707.80</td>\n","      <td>1689.01</td>\n","      <td>1692.43</td>\n","      <td>3681522</td>\n","      <td>AMZN</td>\n","      <td>613300</td>\n","      <td>Seattle</td>\n","      <td>WA</td>\n","      <td>2019-05-03</td>\n","    </tr>\n","    <tr>\n","      <th>3</th>\n","      <td>06-03-19</td>\n","      <td>AMZN</td>\n","      <td>1695.97</td>\n","      <td>1709.43</td>\n","      <td>1620.51</td>\n","      <td>1668.95</td>\n","      <td>3996001</td>\n","      <td>AMZN</td>\n","      <td>613300</td>\n","      <td>Seattle</td>\n","      <td>WA</td>\n","      <td>2019-06-03</td>\n","    </tr>\n","    <tr>\n","      <th>4</th>\n","      <td>07-03-19</td>\n","      <td>AMZN</td>\n","      <td>1667.37</td>\n","      <td>1669.75</td>\n","      <td>1620.51</td>\n","      <td>1625.95</td>\n","      <td>4957017</td>\n","      <td>AMZN</td>\n","      <td>613300</td>\n","      <td>Seattle</td>\n","      <td>WA</td>\n","      <td>2019-07-03</td>\n","    </tr>\n","  </tbody>\n","</table>\n","</div>\n","  \n","</details>"]},{"cell_type":"code","metadata":{"id":"zq5EDFvsPpIr"},"source":["# Câu 8: Thêm cột result, nếu giá 'close' >  'open' thì cột result có giá trị 'up', ngược lại 'down'\n"],"execution_count":null,"outputs":[]},{"cell_type":"markdown","metadata":{"id":"sLQEft0hPpIs"},"source":["<details>\n","  <summary>Nhấn vào đây để xem kết quả!</summary>\n","  <div>\n","<style scoped=\"\">\n","    .dataframe tbody tr th:only-of-type {\n","        vertical-align: middle;\n","    }\n","\n","    .dataframe tbody tr th {\n","        vertical-align: top;\n","    }\n","\n","    .dataframe thead th {\n","        text-align: right;\n","    }\n","</style>\n","<table border=\"1\" class=\"dataframe\">\n","  <thead>\n","    <tr style=\"text-align: right;\">\n","      <th></th>\n","      <th>date</th>\n","      <th>symbol</th>\n","      <th>open</th>\n","      <th>high</th>\n","      <th>low</th>\n","      <th>close</th>\n","      <th>volume</th>\n","      <th>name</th>\n","      <th>employees</th>\n","      <th>headquarters_city</th>\n","      <th>headquarters_state</th>\n","      <th>parsed_time</th>\n","      <th>result</th>\n","    </tr>\n","  </thead>\n","  <tbody>\n","    <tr>\n","      <th>0</th>\n","      <td>01-03-19</td>\n","      <td>AMZN</td>\n","      <td>1655.13</td>\n","      <td>1674.26</td>\n","      <td>1651.00</td>\n","      <td>1671.73</td>\n","      <td>4974877</td>\n","      <td>AMZN</td>\n","      <td>613300</td>\n","      <td>Seattle</td>\n","      <td>WA</td>\n","      <td>2019-01-03</td>\n","      <td>up</td>\n","    </tr>\n","    <tr>\n","      <th>1</th>\n","      <td>04-03-19</td>\n","      <td>AMZN</td>\n","      <td>1685.00</td>\n","      <td>1709.43</td>\n","      <td>1674.36</td>\n","      <td>1696.17</td>\n","      <td>6167358</td>\n","      <td>AMZN</td>\n","      <td>613300</td>\n","      <td>Seattle</td>\n","      <td>WA</td>\n","      <td>2019-04-03</td>\n","      <td>up</td>\n","    </tr>\n","    <tr>\n","      <th>2</th>\n","      <td>05-03-19</td>\n","      <td>AMZN</td>\n","      <td>1702.95</td>\n","      <td>1707.80</td>\n","      <td>1689.01</td>\n","      <td>1692.43</td>\n","      <td>3681522</td>\n","      <td>AMZN</td>\n","      <td>613300</td>\n","      <td>Seattle</td>\n","      <td>WA</td>\n","      <td>2019-05-03</td>\n","      <td>down</td>\n","    </tr>\n","    <tr>\n","      <th>3</th>\n","      <td>06-03-19</td>\n","      <td>AMZN</td>\n","      <td>1695.97</td>\n","      <td>1709.43</td>\n","      <td>1620.51</td>\n","      <td>1668.95</td>\n","      <td>3996001</td>\n","      <td>AMZN</td>\n","      <td>613300</td>\n","      <td>Seattle</td>\n","      <td>WA</td>\n","      <td>2019-06-03</td>\n","      <td>down</td>\n","    </tr>\n","    <tr>\n","      <th>4</th>\n","      <td>07-03-19</td>\n","      <td>AMZN</td>\n","      <td>1667.37</td>\n","      <td>1669.75</td>\n","      <td>1620.51</td>\n","      <td>1625.95</td>\n","      <td>4957017</td>\n","      <td>AMZN</td>\n","      <td>613300</td>\n","      <td>Seattle</td>\n","      <td>WA</td>\n","      <td>2019-07-03</td>\n","      <td>down</td>\n","    </tr>\n","  </tbody>\n","</table>\n","</div>\n","  \n","</details>"]}]}